"Accession","NC_058137.1_7186119_G_A","NC_058138.1_246759_C_T","NC_058138.1_2620063_T_C","NC_058138.1_2656687_T_C","NC_058138.1_2757151_A_G","NC_058138.1_2757825_A_G","NC_058138.1_2761904_C_T","NC_058138.1_2762271_C_T","NC_058138.1_2762779_C_A","NC_058138.1_2763349_C_T","NC_058138.1_2778447_T_G","NC_058138.1_2801205_T_C","NC_058138.1_2813435_T_A","NC_058138.1_4153274_A_G","NC_058138.1_4153370_C_T","NC_058138.1_4156425_A_G","NC_058138.1_4243356_C_T","NC_058138.1_4279799_C_T","NC_058138.1_10911466_G_A","NC_058138.1_13036755_C_G","NC_058138.1_14181690_T_C","NC_058139.1_7581719_C_A","NC_058139.1_7599815_T_C","NC_058139.1_14760826_G_A","NC_058140.1_4391385_G_A","NC_058140.1_7490571_G_A","NC_058140.1_7555137_C_T","NC_058141.1_9335599_T_C","NC_058141.1_9335615_A_G","NC_058141.1_9686889_A_G","NC_058141.1_11349785_C_T","NC_058141.1_12008123_A_C","NC_058141.1_12009656_C_T","NC_058141.1_14427195_G_A","NC_058141.1_19371547_T_C","NC_058141.1_19377563_C_T","NC_058143.1_9095775_A_G","NC_058143.1_14264641_G_C","NC_058145.1_672677_T_C","NC_058145.1_15488466_C_T","NC_058145.1_15499507_C_T","NC_058145.1_15556225_A_G","NC_058145.1_15561839_A_C","NC_058145.1_15569157_A_C","NC_058145.1_15578039_C_A","NC_058145.1_15597899_T_C","NC_058145.1_15598097_T_C","NC_058145.1_15611650_A_T","NC_058145.1_17264252_G_A","NC_058145.1_17269787_A_G","NC_058145.1_17301337_C_T","NC_058145.1_17301348_C_T","NC_058147.1_998671_G_T","NC_058147.1_1235432_T_C","NC_058147.1_1289788_C_T","NC_058147.1_1559881_T_C","NC_058147.1_2229361_G_A","NC_058147.1_2242123_G_A","NC_058147.1_2486361_C_T","NC_058147.1_2505778_G_C","NC_058147.1_2507594_C_T","NC_058147.1_2667239_T_G","NC_058147.1_2685985_T_G","NC_058147.1_2787811_A_T","NC_058147.1_2795451_A_G","NC_058147.1_16700229_A_G","NC_058148.1_6439695_A_T","NC_058148.1_6439860_T_C","NC_058148.1_6441243_C_A","NC_058148.1_6441264_C_T","NC_058148.1_6441348_G_C","NC_058148.1_6617937_T_C","NC_058148.1_6617940_G_T","NC_058148.1_6619231_T_C","NC_058148.1_6634496_C_T","NC_058148.1_6635991_C_T","NC_058148.1_6636853_T_C","NC_058148.1_6637162_C_A","NC_058148.1_6672046_A_G","NC_058148.1_6884124_G_A","NC_058151.1_3533128_G_T","NC_058151.1_3534023_T_C","NC_058151.1_5360270_C_T","NC_058151.1_5360324_C_T","NC_058151.1_5360375_A_G","NC_058151.1_5360390_T_A","NC_058151.1_5363724_G_A","NC_058151.1_13073265_T_C","NC_058151.1_13228398_C_A","NC_058152.1_5147960_G_A","NC_058152.1_13554800_C_A","NC_058153.1_4682416_A_G","NC_058153.1_5637565_A_T","NC_058154.1_5881217_A_G","NC_058154.1_5886150_C_T","NC_058154.1_5897435_A_T","NC_058154.1_5916318_A_G","NC_058154.1_5921056_T_C","NC_058155.1_10368039_G_C","NC_058155.1_10863393_C_G","SeedThickness"
"TURPENTINE","G","C","T","T","A","A","C","C","C","C","K","T","T","A","C","A","C","C","R","C","C","A","Y","G","G","G","T","Y","R","A","Y","C","T","R","Y","Y","A","S","C","T","T","A","A","C","A","C","C","T","A","G","T","T","G","C","C","T","R","R","C","G","C","G","G","W","R","G","T","C","A","T","C","Y","K","Y","Y","Y","Y","M","R","R","G","T","C","C","A","T","G","T","C","R","C","A","W","G","T","T","G","C","C","G",17.4833333333333
"Graham","G","C","Y","Y","R","R","Y","Y","M","Y","G","Y","W","A","C","A","C","C","R","C","Y","M","Y","R","G","G","T","T","A","A","C","M","Y","R","Y","Y","R","G","Y","Y","Y","R","M","M","M","Y","Y","W","R","G","Y","Y","G","Y","C","Y","A","A","Y","G","C","K","K","W","A","G","A","T","C","C","G","Y","K","Y","Y","Y","Y","M","R","R","G","T","C","C","A","T","G","Y","M","G","C","A","T","G","T","T","G","C","C","G",12.8325
"Rumani","G","C","Y","Y","R","R","Y","Y","M","Y","K","Y","W","A","C","A","C","C","G","C","C","A","Y","R","G","G","T","T","A","A","C","M","Y","R","C","T","A","C","C","T","Y","A","M","C","A","T","C","T","A","G","T","T","G","T","C","C","A","A","T","C","T","G","G","W","A","G","W","Y","M","Y","S","Y","K","Y","Y","Y","Y","M","R","R","K","Y","Y","Y","R","W","R","T","C","G","C","A","W","G","T","T","G","C","C","G",11.7608333333333
"Sel.Num3","G","C","T","T","A","A","C","C","C","C","K","T","T","G","T","G","T","T","R","C","Y","A","Y","G","R","G","T","T","A","G","C","C","T","G","T","C","A","C","C","T","T","A","A","C","A","C","C","T","A","G","Y","Y","G","Y","T","Y","A","A","T","C","T","G","G","T","A","G","W","Y","M","Y","S","Y","K","Y","Y","Y","Y","M","R","A","K","Y","Y","Y","R","W","R","T","C","G","C","A","A","A","C","A","A","T","S","S",17.3591666666666
"Itamaraca","G","Y","T","T","A","A","C","C","C","C","G","T","W","G","T","G","C","C","G","C","Y","M","T","G","G","R","T","Y","R","A","C","C","T","R","C","T","R","S","C","T","Y","A","M","C","A","Y","C","T","R","R","C","C","G","Y","C","Y","A","A","Y","S","Y","K","K","W","R","G","A","T","C","C","G","Y","K","T","Y","Y","Y","M","R","G","K","Y","C","C","A","T","G","T","C","G","C","A","T","R","Y","W","R","Y","C","S",14.97375
"RoyalSpecial","G","C","Y","T","A","A","C","C","C","C","K","T","A","A","C","A","C","C","G","C","C","A","Y","G","G","G","T","Y","R","A","C","C","T","A","T","C","A","S","C","T","Y","A","A","C","A","C","C","T","R","R","T","T","G","Y","C","T","R","R","C","G","C","G","T","A","A","G","A","T","C","C","G","Y","K","Y","Y","Y","Y","M","R","R","G","T","C","C","A","T","G","Y","C","G","M","A","T","G","T","T","G","C","C","G",14.6472222222222
"S-19","G","C","T","T","A","A","C","C","C","C","K","T","T","R","Y","R","Y","Y","A","C","Y","A","T","R","R","G","T","Y","R","A","Y","C","T","R","Y","Y","A","C","C","T","T","A","A","C","A","C","C","T","R","R","Y","Y","G","Y","Y","Y","A","A","Y","S","Y","G","G","W","R","G","W","Y","M","Y","S","Y","K","Y","Y","Y","Y","M","R","R","K","Y","Y","Y","R","W","R","T","C","R","C","R","T","A","C","A","A","T","C","G",15.02
"Toledo","G","Y","Y","Y","A","A","C","C","C","C","K","T","T","R","Y","R","Y","Y","G","C","C","A","C","G","R","G","T","T","A","R","C","C","T","R","T","C","A","S","C","T","T","A","A","C","A","C","C","T","A","G","T","T","G","T","Y","Y","R","R","Y","S","Y","G","G","T","R","R","A","T","C","C","G","Y","K","Y","Y","Y","Y","M","R","R","K","Y","Y","Y","R","W","R","T","C","R","C","A","W","A","C","A","A","T","C","G",15.7627777777777
"Tahar","G","C","T","T","A","A","C","C","C","C","K","T","T","A","C","A","C","C","G","C","Y","M","T","G","G","R","Y","T","A","A","C","M","Y","G","Y","Y","R","S","C","Y","Y","R","M","M","M","Y","Y","W","G","A","C","C","G","C","C","T","R","R","Y","G","C","K","T","W","A","G","W","Y","M","Y","S","Y","K","T","Y","Y","Y","M","R","G","K","Y","C","C","A","T","G","T","C","G","C","R","T","A","C","A","A","T","S","S",12.4945945945945
"Tetenene","G","C","T","T","A","A","C","C","C","C","G","T","T","A","C","A","C","C","G","C","C","M","T","G","G","G","T","T","A","R","C","C","T","A","C","T","R","G","C","T","Y","A","M","C","A","Y","C","T","R","R","C","C","G","Y","C","T","R","R","T","S","Y","G","G","T","A","G","W","Y","M","Y","S","C","T","C","T","T","C","A","G","A","K","Y","C","C","A","T","G","T","C","G","C","A","T","G","T","T","G","C","C","G",13.9979166666666
"ZillJ-12","G","C","Y","Y","R","R","Y","Y","M","Y","G","Y","W","A","C","A","C","C","R","C","C","M","T","G","G","G","Y","T","A","A","C","M","Y","R","Y","Y","R","G","C","Y","Y","R","M","M","M","Y","Y","W","R","G","Y","Y","G","Y","C","Y","R","R","Y","G","C","K","K","W","A","G","A","T","C","C","G","C","T","Y","T","T","C","A","G","R","G","T","C","C","A","T","G","Y","M","G","C","A","W","G","T","T","G","C","C","G",13.8320833333333
"Irwin","G","C","T","T","A","A","C","C","C","C","G","T","T","A","C","A","C","C","G","C","C","M","T","R","G","G","T","T","A","A","C","A","C","R","C","T","A","S","C","T","T","A","A","C","A","C","C","T","R","R","Y","Y","K","C","C","T","R","R","Y","G","C","K","T","W","A","G","T","C","A","T","C","T","G","T","C","C","T","C","A","G","G","T","C","C","A","T","G","T","C","G","C","G","T","A","C","A","A","T","C","G",12.7471875
"AhPing","G","C","T","T","A","A","C","C","C","C","G","T","T","R","Y","R","C","C","G","C","C","A","Y","R","G","G","T","T","A","R","C","M","Y","R","Y","Y","A","C","C","T","T","A","A","C","A","C","C","T","G","A","C","C","K","C","C","Y","R","R","Y","G","C","K","K","W","R","G","W","Y","M","Y","S","Y","K","Y","Y","Y","Y","M","R","G","G","T","C","C","A","T","G","T","C","G","C","A","W","R","Y","W","R","Y","C","S",10.7694444444444
"JanardhanPasand","G","Y","Y","C","R","R","Y","Y","M","Y","G","Y","A","A","C","A","C","C","A","C","T","A","T","G","G","G","T","Y","R","R","C","A","C","G","C","T","R","S","Y","T","Y","A","A","C","A","C","C","T","R","R","C","C","G","C","C","T","R","R","C","G","C","K","T","W","A","G","W","Y","M","Y","S","T","G","T","C","C","T","C","A","G","G","T","C","C","A","T","G","T","C","G","C","A","W","A","C","A","A","T","C","G",14.8475
"Winters","G","Y","T","T","A","A","C","C","C","C","K","T","T","G","T","G","Y","Y","G","C","Y","A","T","R","R","G","T","Y","R","A","Y","M","Y","R","Y","Y","A","C","C","T","T","A","A","C","A","C","C","T","R","R","Y","Y","K","C","C","T","R","R","C","G","C","K","K","W","A","R","A","T","C","C","G","C","T","Y","T","T","C","A","G","R","G","T","C","C","A","T","G","T","C","R","C","R","W","A","C","A","A","T","C","S",15.1354545454545
"Iris","G","Y","T","T","A","A","C","C","C","C","K","T","T","R","Y","R","Y","Y","R","C","C","M","T","R","G","R","Y","T","A","A","C","M","Y","R","Y","Y","R","S","Y","T","T","A","A","C","A","C","C","T","G","A","C","C","K","Y","C","T","G","G","C","G","C","T","T","A","A","G","T","C","A","T","C","T","G","T","C","C","T","C","A","G","G","T","C","C","A","T","G","T","C","G","C","R","T","R","Y","W","R","Y","C","G",11.3083333333333
"Purple","R","C","T","T","A","A","C","C","C","C","T","T","T","R","Y","R","T","Y","A","S","C","A","T","G","G","G","T","T","A","R","Y","C","T","R","T","C","A","S","C","T","Y","A","A","M","M","Y","Y","T","A","G","Y","T","G","Y","C","Y","A","A","C","G","C","G","G","T","R","R","A","T","C","C","G","C","T","C","T","T","C","A","G","R","G","T","C","C","A","T","G","Y","C","G","M","A","W","A","C","W","A","T","C","G",14.685
"NAMDOCMAI","A","C","C","Y","R","R","Y","Y","M","Y","K","Y","A","A","C","A","C","C","G","G","C","M","T","R","G","R","Y","T","A","A","C","A","C","R","T","C","A","S","T","C","C","R","C","A","C","T","T","W","R","R","Y","Y","G","C","C","T","A","G","C","G","C","K","T","W","A","G","W","Y","M","Y","S","T","G","T","C","C","T","C","A","R","G","T","C","C","A","T","G","Y","A","G","C","A","W","R","Y","W","R","Y","C","S",10.1541666666666
"Amini","G","Y","Y","Y","R","R","Y","Y","M","Y","K","C","A","A","C","A","C","C","R","C","T","M","T","R","G","G","T","T","A","A","C","M","Y","G","T","C","R","S","Y","Y","Y","R","M","M","M","Y","Y","W","G","A","C","C","G","C","C","T","A","A","C","G","C","T","T","A","A","G","A","T","C","C","G","Y","K","T","Y","Y","Y","M","R","G","G","T","C","C","A","T","G","Y","M","G","C","A","W","R","Y","W","R","Y","S","S",15.0424999999999
"Naomi","G","Y","T","T","A","A","C","C","C","C","K","T","T","R","Y","R","Y","Y","R","C","C","M","T","R","G","G","T","T","A","A","C","M","Y","R","C","T","A","S","C","T","T","A","A","C","A","C","C","T","A","G","T","T","K","C","C","T","R","R","Y","G","C","K","T","W","A","R","T","C","A","T","C","T","G","T","C","C","T","C","A","G","G","T","C","C","A","T","G","T","C","G","C","R","T","A","C","A","A","T","C","G",14.3163888888888
"Mulgoba","G","C","T","T","A","A","C","C","C","C","G","T","T","R","Y","R","Y","Y","R","C","Y","A","Y","R","G","G","T","Y","R","R","C","C","T","G","C","T","A","C","C","T","T","A","A","C","A","C","C","T","A","G","T","T","K","Y","C","Y","R","R","Y","G","C","K","K","W","A","G","W","Y","M","Y","S","Y","K","Y","Y","Y","Y","M","R","R","G","T","C","C","A","T","G","T","C","G","C","A","A","R","Y","W","R","Y","C","G",15.9658333333333
"MerrittIslandSaigon","G","C","Y","Y","R","R","Y","Y","M","Y","K","Y","W","R","Y","R","T","Y","G","C","T","M","T","R","G","G","T","T","A","A","C","C","T","G","Y","Y","R","G","C","Y","Y","R","M","M","M","Y","Y","W","G","R","C","C","G","Y","Y","Y","A","A","T","S","Y","G","G","T","R","G","W","Y","M","Y","S","Y","K","Y","Y","Y","Y","M","R","R","G","T","C","C","A","T","G","T","C","G","C","A","T","A","C","A","A","T","C","G",13.3129032258064
"Gootee","G","T","Y","Y","R","R","Y","Y","M","Y","K","Y","W","A","C","A","C","C","A","C","T","A","T","G","G","G","T","C","G","A","C","C","T","G","T","C","A","C","C","T","Y","A","M","C","A","Y","C","T","R","G","Y","Y","G","C","C","T","A","A","C","G","C","K","T","W","A","R","A","T","C","C","G","T","G","T","C","C","T","C","A","G","G","T","C","C","A","T","G","T","C","G","A","A","T","A","C","A","A","T","G","C",14.6641666666666
"KALAALPHONSESDLG","G","C","Y","T","A","A","C","C","C","C","K","T","T","R","Y","R","C","C","R","C","Y","A","Y","G","G","G","T","Y","R","A","C","C","T","R","Y","Y","R","G","C","T","Y","A","M","C","A","Y","C","T","A","G","Y","Y","G","T","C","C","A","A","T","S","Y","G","G","T","R","G","W","Y","M","Y","S","C","T","C","T","T","C","A","G","A","K","Y","C","C","A","T","G","T","C","G","C","A","T","R","Y","W","R","Y","C","S",16.28
"Lathrop","G","T","Y","Y","R","R","Y","Y","M","Y","K","Y","W","A","C","A","C","C","A","C","T","A","T","G","G","G","T","C","G","A","C","C","T","G","T","C","A","C","C","T","Y","A","M","C","A","Y","C","T","R","G","Y","Y","G","C","C","T","A","A","C","G","C","K","T","W","A","R","A","T","C","C","G","T","G","T","C","C","T","C","A","G","G","T","C","C","A","T","G","T","C","G","A","A","T","A","C","A","A","T","G","C",18.1870833333333
"CowasjeePatelXPiri","G","C","T","T","A","A","C","C","C","C","K","T","T","R","Y","R","C","C","G","C","Y","M","Y","G","R","G","Y","T","A","A","C","M","Y","G","Y","Y","A","S","Y","Y","Y","R","M","M","M","Y","Y","W","G","A","C","C","G","C","C","Y","R","R","C","G","C","K","K","W","A","N","W","Y","M","Y","S","T","G","T","C","C","T","C","A","G","G","T","C","C","A","T","G","Y","M","G","C","A","T","A","C","A","A","T","C","G",13.1858333333333
"Ruby","G","Y","T","T","A","A","C","C","C","C","G","T","T","A","C","A","C","C","G","C","Y","A","T","R","G","R","Y","T","A","A","C","A","C","A","Y","Y","R","C","C","T","T","A","A","C","A","C","C","T","A","G","T","T","K","C","C","T","R","R","Y","G","C","K","T","W","A","G","W","Y","M","Y","S","Y","K","Y","Y","Y","Y","M","R","G","G","T","C","C","A","T","G","T","C","G","C","R","T","R","Y","W","R","Y","C","G",14.2383333333333
"Ott","G","C","Y","Y","R","R","Y","Y","M","Y","G","Y","W","A","C","A","C","C","R","C","Y","M","T","A","G","G","T","T","A","A","C","A","C","G","C","T","R","S","C","Y","Y","R","M","M","M","Y","Y","W","R","G","Y","Y","K","C","C","T","R","R","C","G","C","T","T","A","A","R","W","Y","M","Y","S","T","G","T","C","C","T","C","A","G","G","T","C","C","A","T","G","T","C","G","C","R","T","A","C","A","A","T","C","G",14.4733333333333
"Peach","G","Y","T","T","A","A","C","C","C","C","K","T","T","G","T","G","C","C","G","C","T","A","C","G","R","G","T","Y","R","R","Y","M","Y","G","T","C","A","S","C","T","T","A","A","C","A","C","C","T","R","R","Y","Y","G","T","C","C","A","A","T","S","Y","G","G","T","G","R","A","T","C","C","G","Y","K","Y","Y","Y","Y","M","R","R","K","Y","Y","Y","R","W","R","T","C","G","C","A","W","R","T","T","G","C","C","G",16.3522222222222
"CARABAO","R","C","C","Y","R","R","Y","Y","M","Y","K","Y","A","A","C","A","C","C","G","G","C","M","T","R","G","R","Y","T","A","A","C","A","C","A","Y","Y","A","S","Y","Y","Y","R","M","M","M","Y","Y","W","A","G","T","T","G","C","C","T","R","G","C","G","C","G","T","T","A","G","W","Y","M","Y","S","T","G","T","C","C","T","C","A","G","G","T","C","C","A","T","G","Y","M","G","C","A","W","G","T","T","G","C","C","G",14.6436111111111
"TUTEHAU","G","Y","T","T","A","A","C","C","C","C","K","T","T","R","Y","R","Y","Y","R","C","C","A","Y","G","R","G","T","Y","R","G","C","C","T","R","T","C","A","C","C","T","T","A","A","C","A","C","C","T","R","R","Y","Y","G","Y","Y","C","A","A","T","S","Y","G","G","T","G","R","W","Y","M","Y","S","Y","K","Y","Y","Y","Y","M","R","A","K","Y","Y","Y","R","W","R","T","C","R","C","A","A","R","Y","W","R","Y","C","S",16.7395833333333
"BullocksHeart","G","Y","T","T","A","A","C","C","C","C","K","T","W","R","Y","R","Y","Y","R","C","T","A","T","G","G","G","T","Y","R","R","C","M","Y","G","Y","Y","A","S","C","Y","C","R","M","M","M","Y","Y","W","R","R","Y","Y","G","C","C","T","R","R","C","G","C","K","K","W","R","R","A","T","C","C","G","Y","K","Y","Y","Y","Y","M","R","R","G","T","C","C","A","T","G","T","M","R","C","A","A","R","Y","W","R","Y","S","S",14.7786956521739
"Bombay","G","C","Y","Y","R","R","Y","Y","M","Y","K","Y","W","A","C","A","C","C","R","C","T","M","T","R","G","G","Y","T","A","A","C","A","C","G","Y","Y","R","G","Y","C","C","G","C","A","C","T","T","A","G","R","C","C","G","C","C","T","R","R","C","G","C","T","T","A","A","R","A","T","C","C","G","Y","K","T","Y","Y","Y","M","R","G","G","T","C","C","A","T","G","Y","M","G","C","A","W","R","Y","W","R","Y","C","G",15.83875
"Malindi","G","T","T","T","A","A","C","C","C","C","G","T","T","R","Y","R","C","C","A","C","T","A","Y","G","R","G","T","Y","R","R","Y","C","T","G","Y","Y","A","S","C","T","T","A","A","C","A","C","C","T","A","G","T","T","G","Y","C","Y","A","A","Y","S","Y","G","K","T","R","G","A","T","C","C","G","C","T","C","T","T","C","A","G","A","T","C","T","T","G","A","A","T","C","R","C","A","W","R","Y","W","R","Y","C","S",19.5911111111111
"O.PTommyAtkins","G","C","T","T","A","A","C","C","C","C","G","T","T","A","C","A","C","C","G","C","C","A","T","G","G","R","Y","Y","R","R","C","M","Y","R","Y","Y","R","C","C","T","T","A","A","C","A","C","C","T","G","A","C","C","T","C","C","T","R","R","Y","G","C","K","T","W","A","G","T","C","A","T","C","T","G","T","C","C","T","C","A","G","G","T","C","C","A","T","G","T","C","G","C","G","T","R","Y","W","R","Y","C","G",13.0944444444444
"SDLGOFMIA-06895","G","C","Y","Y","N","R","Y","Y","M","Y","T","Y","W","R","Y","R","Y","Y","R","S","Y","A","T","R","R","G","T","T","A","A","Y","M","Y","A","Y","Y","A","S","C","T","T","A","A","C","A","C","C","T","A","R","T","T","G","Y","Y","Y","R","R","C","G","C","G","K","N","A","G","A","T","C","C","G","C","T","C","Y","T","C","A","G","G","G","T","C","C","A","T","G","T","C","G","C","A","W","A","C","A","A","T","C","G",14.4950649350649
"Vallenato","G","C","T","T","A","A","C","C","C","C","G","T","T","R","Y","R","Y","Y","G","C","Y","A","T","R","G","G","T","T","A","R","C","M","Y","G","Y","Y","A","C","C","T","T","A","A","C","A","C","C","T","R","R","C","C","K","C","Y","Y","R","R","Y","S","Y","K","K","W","A","G","W","Y","M","Y","S","Y","K","Y","Y","Y","Y","M","R","R","G","T","C","C","A","T","G","T","C","G","C","A","A","A","C","A","A","T","C","S",14.3772727272727
"Dot","G","C","Y","Y","R","R","Y","Y","M","Y","G","Y","W","A","C","A","C","C","R","C","C","M","T","R","G","G","Y","T","A","A","C","A","C","G","Y","Y","R","G","C","C","C","G","C","A","C","T","T","A","R","G","Y","Y","G","C","C","T","G","G","C","G","C","T","T","A","A","G","W","Y","M","Y","S","C","T","Y","T","T","C","A","G","R","G","T","C","C","A","T","G","Y","M","G","C","A","A","R","Y","W","R","Y","C","G",15.3075
"Malda","G","C","T","T","A","A","C","C","C","C","K","T","W","R","Y","R","Y","Y","R","C","T","A","T","G","R","G","T","T","A","G","Y","M","Y","G","T","C","A","C","C","T","T","A","A","C","A","C","C","T","R","G","T","T","G","C","C","T","A","R","Y","G","C","G","T","W","A","A","A","T","C","C","G","T","G","T","C","C","T","C","A","G","G","T","Y","Y","R","W","R","T","C","R","M","A","W","A","C","A","A","T","S","C",19.3583333333333
"Magshimim","G","C","T","T","A","A","C","C","C","C","K","T","T","A","C","A","C","C","G","C","Y","A","T","R","G","G","Y","T","A","A","C","M","Y","R","Y","Y","R","C","Y","T","T","A","A","C","A","C","C","T","G","A","C","C","K","C","C","T","R","R","C","G","C","T","T","A","A","G","W","Y","M","Y","S","Y","K","T","Y","Y","Y","M","R","G","G","T","C","C","A","T","G","T","C","G","C","R","T","R","Y","W","R","Y","C","G",13.8620833333333
"Joellen","R","C","Y","Y","R","R","Y","Y","M","Y","G","Y","W","A","C","A","C","C","G","S","C","A","T","R","G","G","T","T","A","A","Y","M","Y","G","Y","Y","A","S","C","T","T","A","A","C","A","C","C","T","R","R","Y","Y","G","C","C","Y","A","A","Y","G","C","G","G","W","R","G","W","Y","M","Y","S","T","G","T","C","C","T","C","A","A","G","T","C","C","A","T","G","T","M","R","C","R","T","G","T","T","G","C","C","C",11.9254166666666
"SdlgOfWa3-02-05","G","Y","T","T","A","A","C","C","C","C","K","T","T","R","Y","R","Y","Y","R","C","C","A","Y","G","R","G","T","Y","R","G","C","C","T","R","T","C","A","C","C","T","T","A","A","C","A","C","C","T","R","R","Y","Y","G","Y","Y","C","A","A","T","S","Y","G","G","T","G","R","W","Y","M","Y","S","Y","K","Y","Y","Y","Y","M","R","A","K","Y","Y","Y","R","W","R","T","C","R","C","A","A","R","Y","W","R","Y","C","S",18.0135294117647
"St.Maui","G","Y","T","T","A","A","C","C","C","C","T","T","T","A","C","A","C","C","G","C","Y","M","Y","G","G","G","T","T","A","R","C","M","Y","G","Y","Y","A","S","Y","Y","Y","R","M","M","M","Y","Y","W","G","R","C","C","G","C","C","T","R","R","Y","G","C","K","T","A","A","G","A","T","C","C","G","C","T","Y","T","T","C","A","G","R","G","T","C","C","A","T","G","T","C","G","C","A","T","G","T","T","G","C","C","G",18.3444444444444
"Okrong","R","C","Y","Y","R","R","Y","Y","M","Y","G","Y","W","R","Y","R","Y","Y","G","G","C","A","T","G","G","R","Y","Y","R","A","C","A","C","A","Y","Y","A","S","Y","C","C","R","M","M","M","Y","Y","W","R","G","T","T","G","C","C","T","G","G","C","G","C","T","T","A","A","G","W","Y","M","Y","S","T","G","T","C","C","T","C","A","G","G","T","C","C","A","T","G","Y","M","G","C","A","A","G","T","T","G","C","S","C",13.20125
"Sensation","G","Y","T","T","A","A","C","C","C","C","K","T","T","R","Y","R","Y","Y","G","C","N","A","T","G","G","G","T","Y","G","R","Y","M","Y","R","Y","Y","R","C","C","T","T","A","A","C","A","C","C","T","R","R","Y","Y","K","C","C","T","R","R","C","G","C","K","K","A","A","R","W","Y","M","Y","S","N","N","Y","Y","C","Y","N","R","N","G","T","C","C","A","T","G","T","C","R","M","R","W","A","C","A","A","T","C","S",15.629375
"SigSiput","G","C","T","T","A","A","C","C","C","C","K","T","T","R","Y","R","C","C","G","C","T","A","Y","G","R","G","T","Y","R","G","Y","C","T","R","Y","Y","A","C","C","T","Y","A","M","C","A","Y","C","T","A","G","Y","Y","G","Y","C","Y","R","R","Y","S","Y","G","G","T","G","G","A","T","C","C","G","C","T","C","T","T","C","A","G","A","K","Y","Y","Y","R","W","R","T","C","G","M","A","W","G","T","T","G","C","C","G",15.1644444444444
"TylerPremier","G","T","T","T","A","A","C","C","C","C","T","T","T","G","T","G","Y","Y","R","C","T","A","Y","G","G","G","T","Y","R","R","C","C","T","G","T","C","A","C","C","T","T","A","A","C","A","C","C","T","R","G","T","T","G","Y","Y","Y","A","A","T","S","Y","G","K","T","R","G","W","Y","M","Y","S","C","T","Y","T","T","C","A","G","A","G","T","C","C","A","T","G","T","C","G","C","A","W","A","C","A","A","T","C","C",18.1045833333333
"Maya","G","T","T","T","A","A","C","C","C","C","G","T","T","A","C","A","C","C","R","C","C","A","Y","G","R","G","T","C","G","R","C","C","T","R","Y","Y","A","S","C","T","T","A","A","C","A","C","C","T","R","G","Y","Y","G","Y","Y","Y","A","A","T","S","Y","G","G","T","R","G","W","Y","M","Y","S","Y","K","T","Y","Y","Y","M","R","G","G","T","C","C","A","T","G","T","C","G","C","A","W","A","C","A","A","T","C","G",15.9613636363636
"BorshaKampong","G","C","Y","Y","R","R","Y","Y","M","Y","K","Y","W","A","C","A","C","C","R","C","T","M","T","R","G","G","Y","T","A","A","C","A","C","G","Y","Y","R","G","Y","C","C","G","C","A","C","T","T","A","G","R","C","C","G","C","C","T","R","R","C","G","C","T","T","A","A","R","A","T","C","C","G","Y","K","T","Y","Y","Y","M","R","G","G","T","C","C","A","T","G","Y","M","G","C","A","W","R","Y","W","R","Y","C","G",17.3270833333333
"S-01","G","Y","T","T","A","A","C","C","C","C","T","T","T","G","Y","G","T","T","R","C","Y","M","T","G","G","G","T","C","G","R","Y","C","T","R","Y","Y","A","S","C","Y","Y","R","M","M","M","Y","Y","W","R","R","Y","Y","K","C","C","Y","A","A","Y","S","Y","G","G","T","R","R","A","T","C","C","G","Y","K","Y","Y","Y","Y","M","R","G","G","T","C","C","A","T","G","T","C","G","C","R","W","A","C","A","A","T","S","S",15.8115384615384
"Lily","G","C","T","T","A","A","C","C","C","C","G","T","T","A","C","A","C","C","G","C","Y","A","T","R","G","G","T","T","A","A","C","A","C","G","C","T","G","C","C","T","T","A","A","C","A","C","C","T","R","R","Y","Y","K","Y","Y","Y","R","R","Y","S","Y","K","K","W","R","R","T","C","A","T","C","T","G","T","C","C","T","C","A","G","G","T","C","C","A","T","G","T","C","G","C","R","T","A","C","A","A","T","C","S",13.0575
"Madras","G","T","T","T","A","A","C","C","C","C","K","T","W","R","N","R","Y","Y","R","C","T","A","T","G","N","G","T","Y","R","A","C","C","T","G","T","C","A","S","C","T","T","A","A","C","A","Y","Y","T","A","G","Y","Y","G","C","C","T","R","G","Y","G","C","K","T","A","A","A","A","T","C","C","G","Y","K","T","Y","Y","Y","M","R","R","G","T","C","C","A","T","G","Y","C","G","M","A","A","A","C","A","A","T","G","C",16.8245833333333
"17502","G","T","T","T","A","A","C","C","C","C","K","T","T","R","Y","R","Y","Y","G","C","C","A","T","R","G","G","T","Y","R","R","C","M","Y","A","Y","Y","A","S","C","T","T","A","A","C","A","C","C","T","G","A","C","C","G","Y","Y","Y","A","A","Y","S","Y","K","K","W","R","G","A","T","C","C","G","Y","K","Y","Y","Y","Y","M","R","G","G","T","C","C","A","T","G","T","C","G","C","R","T","A","C","A","A","T","S","S",15.936
"Burma","G","Y","Y","Y","R","R","Y","Y","M","Y","K","Y","W","A","C","A","C","Y","G","S","C","C","T","G","R","R","Y","T","A","A","C","A","C","R","T","C","A","C","Y","T","Y","A","A","C","A","C","C","T","A","G","Y","Y","G","Y","C","Y","R","R","Y","S","Y","K","K","W","A","G","A","T","C","C","G","C","T","Y","T","T","C","A","G","R","G","T","Y","Y","R","W","R","T","C","G","C","A","W","R","Y","W","R","Y","C","G",16.7860869565217
"Zill","G","Y","Y","N","R","A","N","C","M","C","K","Y","W","R","Y","R","Y","Y","G","C","Y","M","Y","G","G","G","Y","Y","R","R","C","M","Y","R","Y","Y","R","S","C","Y","Y","R","M","M","M","Y","Y","W","R","R","Y","Y","K","Y","C","Y","R","R","Y","G","C","K","K","W","R","G","A","T","C","C","G","Y","K","Y","Y","Y","Y","M","R","N","G","T","C","C","A","T","G","Y","M","G","C","A","W","N","Y","W","R","Y","C","S",14.1680555555555
"Shindiri","G","C","Y","T","A","A","C","C","C","C","K","T","W","R","Y","R","Y","Y","R","C","T","A","T","G","R","G","T","Y","R","R","C","C","T","G","T","C","A","S","C","Y","Y","A","A","C","A","C","C","T","A","G","T","T","G","Y","C","T","A","A","Y","G","C","G","K","W","A","R","W","Y","M","Y","S","Y","K","T","Y","Y","Y","M","R","G","G","T","C","C","A","T","G","T","C","G","C","A","W","A","C","A","A","T","G","C",15.5258333333333
"Bd1-5","G","Y","T","T","A","A","C","C","N","C","K","T","T","A","C","A","C","C","G","C","Y","A","T","G","G","R","Y","Y","R","R","C","M","Y","R","Y","Y","R","C","Y","T","T","A","A","C","A","C","C","T","R","R","Y","Y","G","C","C","T","A","A","Y","G","C","K","T","W","A","R","W","Y","M","Y","S","Y","K","T","Y","Y","Y","M","R","G","G","T","C","C","A","T","G","Y","M","G","C","R","T","R","Y","W","R","Y","C","N",15.633409090909
"Zebda","R","Y","T","T","A","A","C","C","C","C","K","T","W","R","Y","R","Y","Y","R","C","C","A","T","G","G","G","T","T","A","G","C","C","T","R","Y","Y","A","G","Y","T","C","R","C","C","A","T","Y","T","R","G","Y","Y","G","C","C","Y","R","R","Y","G","C","K","K","W","A","R","A","T","C","C","G","C","T","T","T","T","C","A","G","R","G","T","C","C","A","T","G","T","C","G","C","R","A","R","Y","W","R","Y","C","G",16.192
"Borsha","G","C","T","T","R","R","Y","Y","M","Y","G","Y","A","R","Y","R","Y","Y","R","C","T","A","T","R","R","G","T","Y","R","R","C","C","T","G","Y","Y","A","S","Y","T","Y","A","M","C","A","Y","Y","T","R","R","C","C","G","C","C","T","R","R","C","G","C","K","K","T","A","G","W","Y","M","Y","S","Y","K","T","Y","Y","Y","M","R","R","G","T","C","C","A","T","G","T","C","G","M","A","W","G","T","T","G","C","S","C",16.2721428571428
"No.3-3(Irwinsdlgo.p.zerifinsel.)","G","Y","T","T","A","A","C","C","C","C","K","T","T","R","Y","R","C","C","G","C","Y","A","T","G","G","G","T","Y","R","R","Y","M","Y","G","C","T","A","S","C","Y","Y","R","M","M","M","Y","Y","W","R","G","Y","Y","K","C","C","T","G","G","C","G","C","T","T","A","A","R","A","T","C","C","G","T","G","T","C","C","T","C","A","G","G","T","C","C","A","T","G","T","C","G","M","R","T","A","C","A","A","T","S","C",15.5160869565217
"ColomboKidney","G","Y","Y","Y","R","R","Y","Y","M","Y","K","Y","W","R","Y","R","T","Y","A","C","Y","A","T","G","G","G","T","T","A","R","C","M","Y","G","C","T","A","C","C","T","T","A","A","C","A","C","C","T","R","R","Y","Y","G","C","C","Y","R","R","Y","G","C","K","K","W","R","G","W","Y","M","Y","S","Y","K","T","Y","Y","Y","M","R","R","G","T","C","C","A","T","G","Y","M","R","C","R","W","A","C","A","A","T","C","S",15.365
"Sunset","G","C","Y","Y","R","R","Y","Y","M","Y","G","Y","W","A","C","A","C","C","G","C","Y","M","T","R","G","G","T","Y","R","R","C","C","T","R","Y","Y","R","S","C","Y","Y","R","M","M","M","Y","Y","W","R","R","Y","Y","K","C","C","T","A","A","Y","S","Y","K","K","W","R","G","W","Y","M","Y","S","T","G","T","C","C","T","C","A","G","G","T","C","C","A","T","G","T","C","G","C","R","W","R","Y","W","R","Y","S","S",14.635
"Manilita","R","C","Y","T","A","A","C","C","C","C","K","T","W","R","Y","R","C","C","G","S","C","A","Y","G","G","R","Y","Y","R","A","Y","M","Y","R","Y","Y","A","S","Y","Y","Y","R","M","M","M","Y","Y","W","A","G","T","T","G","C","C","Y","R","R","Y","S","Y","G","K","T","R","G","A","T","C","C","G","Y","K","Y","Y","Y","Y","M","R","R","K","Y","Y","Y","R","W","R","Y","C","G","M","A","A","R","Y","W","R","Y","C","G",13.5027083333333
"Keitt","G","N","T","T","A","A","C","C","C","C","K","N","N","A","C","A","N","C","R","C","N","M","N","R","G","N","T","N","N","A","N","M","Y","A","Y","N","R","S","C","N","N","N","A","C","A","C","C","T","N","A","C","C","K","C","C","T","R","N","C","G","C","N","T","N","N","N","W","Y","M","Y","S","T","G","N","C","C","T","C","A","N","N","T","N","N","N","N","G","T","C","G","M","R","T","R","Y","W","R","Y","C","G",13.1218181818181
"PamKaiMia","R","Y","Y","Y","G","G","T","T","A","T","G","C","A","A","C","A","C","Y","G","G","C","M","T","G","G","R","Y","Y","R","A","C","A","C","R","T","C","A","S","Y","T","Y","A","A","C","A","C","C","T","R","R","T","T","G","C","C","T","R","G","C","G","C","K","T","W","A","G","A","T","C","C","G","Y","K","T","Y","Y","Y","M","R","G","G","T","C","C","A","T","G","T","M","G","C","A","W","R","Y","W","R","Y","C","G",15.3620833333333
"Long","G","Y","T","T","A","A","C","C","C","C","K","T","T","G","T","G","C","C","G","C","Y","A","C","G","R","G","T","Y","R","R","Y","C","T","G","T","C","A","C","C","T","T","A","A","C","A","C","C","T","A","G","Y","Y","G","Y","C","C","A","A","T","S","Y","G","G","T","G","G","A","T","C","C","G","C","T","C","T","T","C","A","G","A","K","Y","Y","Y","R","W","R","T","C","R","M","A","A","A","C","A","A","T","C","S",19.0345833333333
"Duncan","R","C","Y","Y","R","R","Y","Y","M","Y","K","Y","W","A","C","A","C","C","R","S","C","A","T","G","G","R","Y","Y","R","R","C","M","Y","A","Y","Y","A","S","Y","Y","Y","R","M","M","M","Y","Y","W","R","G","Y","Y","G","Y","Y","Y","R","R","Y","S","Y","G","K","T","R","R","W","Y","M","Y","S","T","G","T","C","C","T","C","A","G","G","T","C","C","A","T","G","T","M","G","C","A","T","A","C","W","R","Y","C","S",15.9257142857142
"Ivory","A","C","C","Y","R","R","Y","Y","M","Y","K","Y","A","A","C","A","C","C","G","G","C","A","T","R","R","R","Y","Y","R","A","C","M","Y","R","T","C","A","S","T","C","C","G","C","A","C","T","T","A","G","A","Y","Y","G","C","C","T","A","R","C","G","C","K","T","W","A","G","A","T","C","C","G","Y","K","T","Y","Y","Y","M","R","G","G","T","C","C","A","T","G","Y","A","G","C","A","T","R","Y","W","R","Y","C","C",12.83
"Hatcher","G","C","T","T","A","A","C","C","C","C","G","T","T","A","C","A","C","C","R","C","Y","M","T","G","G","G","T","Y","R","A","C","M","Y","R","Y","Y","R","C","C","T","T","A","A","C","A","C","C","T","G","A","C","C","K","C","C","T","R","R","C","G","C","T","T","A","A","G","W","Y","M","Y","S","T","G","T","C","C","T","C","A","G","G","T","C","C","A","T","G","T","C","G","C","R","T","R","Y","W","R","Y","C","G",12.55
"ThaiEverbearing","R","C","Y","Y","R","R","Y","Y","M","Y","K","Y","W","A","C","A","C","C","G","G","C","A","T","G","N","R","Y","Y","R","A","C","M","Y","G","T","C","A","S","C","T","T","A","A","C","A","C","C","T","A","G","T","T","G","Y","C","T","A","A","C","G","C","G","G","T","A","G","A","T","C","C","G","T","G","T","C","C","T","C","A","G","G","T","C","C","A","T","G","Y","A","G","C","A","A","R","Y","W","R","Y","C","S",15.2497727272727
"NamTamTeem","R","C","C","Y","G","G","T","T","A","T","G","C","A","A","C","A","C","C","G","G","C","M","T","R","G","R","Y","T","A","A","C","A","C","A","Y","Y","A","S","Y","C","C","G","C","A","C","T","T","A","R","R","Y","Y","G","C","C","T","R","G","C","G","C","K","K","A","A","G","A","T","C","C","G","Y","K","T","Y","Y","Y","M","R","G","G","T","C","C","A","T","G","Y","M","G","C","A","W","G","T","T","G","C","C","G",11.7722857142857
"S-10","G","Y","T","T","A","A","C","C","C","C","K","T","T","R","Y","R","Y","Y","R","C","C","A","T","G","R","G","T","Y","R","A","Y","M","Y","G","Y","Y","A","C","C","T","T","A","A","C","A","C","C","T","A","G","T","T","G","Y","Y","C","A","A","T","S","Y","G","G","T","G","G","A","T","C","C","G","Y","K","Y","Y","Y","Y","M","R","R","K","Y","Y","Y","R","W","R","T","C","R","C","A","A","A","C","A","A","T","C","G",16.9844444444444
"Madoe","G","Y","T","T","A","A","C","C","C","C","T","T","T","R","Y","R","Y","Y","R","C","Y","A","T","G","R","G","T","Y","R","A","C","C","T","R","T","C","A","C","C","T","T","A","A","C","A","Y","Y","T","A","G","T","T","G","T","C","Y","A","A","C","G","C","G","K","T","R","G","W","Y","M","Y","S","Y","K","T","Y","Y","Y","M","R","R","G","T","C","C","A","T","G","T","C","G","C","A","W","R","Y","W","R","Y","S","S",16.3710869565217
"Z-0","R","C","Y","Y","R","R","Y","Y","M","Y","K","Y","W","R","Y","R","Y","Y","R","G","C","A","T","R","G","G","T","Y","R","A","Y","M","Y","G","T","C","A","C","C","Y","Y","R","M","M","M","Y","Y","W","A","G","T","T","G","C","C","T","A","R","C","G","C","G","G","A","A","G","A","T","C","C","G","Y","K","T","Y","Y","Y","M","R","R","G","T","C","C","A","T","G","T","M","R","C","A","T","R","Y","W","R","Y","S","S",16.5058333333333
"Edgehill","G","Y","T","T","A","A","C","C","C","C","K","T","T","A","C","A","C","C","R","C","Y","A","T","G","G","G","T","C","G","R","C","C","T","R","Y","Y","R","S","C","T","T","A","A","C","A","C","C","T","R","R","Y","Y","K","C","C","T","R","R","Y","G","C","K","T","W","A","R","W","Y","M","Y","S","T","G","T","C","C","T","C","A","G","G","T","C","C","A","T","G","T","C","G","C","A","W","R","Y","W","R","Y","C","S",16.0183333333333
"Zill0-29","G","C","T","T","A","A","C","C","C","C","G","T","T","R","Y","R","Y","Y","R","C","T","A","T","G","G","G","T","Y","R","R","C","C","T","G","Y","Y","R","C","C","T","T","A","A","C","A","C","C","T","R","R","Y","Y","G","T","Y","C","A","A","T","C","T","G","G","T","R","G","A","T","C","C","G","C","T","C","T","T","C","A","G","R","G","T","C","C","A","T","G","T","C","G","C","R","T","R","Y","W","R","Y","C","C",17.1266666666666
"Cac","R","C","Y","T","A","A","C","C","C","C","T","T","N","A","C","A","C","C","G","N","Y","A","T","G","G","G","Y","Y","R","R","Y","M","Y","R","Y","Y","A","S","Y","Y","Y","A","M","M","M","Y","Y","T","R","R","Y","Y","G","Y","Y","Y","R","R","Y","G","Y","K","K","W","R","G","W","Y","M","Y","S","Y","K","N","Y","Y","Y","N","R","A","K","Y","C","C","A","T","G","Y","N","G","C","A","W","N","Y","W","R","N","C","S",16.9991666666666
"Kensington","G","C","Y","Y","R","R","Y","Y","M","Y","G","Y","W","R","Y","R","C","C","G","C","Y","M","Y","G","G","G","Y","Y","R","R","Y","M","Y","G","T","C","A","S","Y","Y","Y","R","M","M","M","Y","Y","W","R","G","Y","Y","G","Y","C","Y","R","R","Y","G","C","K","K","W","A","G","A","T","C","C","G","Y","K","Y","Y","Y","Y","M","R","R","G","T","C","C","A","T","G","T","C","R","M","A","W","G","T","T","R","Y","C","G",16.0317142857142
"Carrie","G","C","Y","Y","R","R","Y","Y","M","Y","G","Y","W","A","C","A","C","C","G","C","Y","M","T","R","G","G","T","T","A","A","C","M","Y","R","Y","Y","R","G","C","Y","Y","R","M","M","M","Y","Y","W","G","R","C","C","G","C","C","T","R","R","Y","G","C","K","K","W","A","G","T","C","A","T","C","Y","K","Y","Y","Y","Y","M","R","A","K","Y","C","C","A","T","G","T","C","G","C","A","W","R","Y","W","R","Y","C","G",15.65
"ZM-10","G","Y","T","T","A","A","C","C","C","C","T","T","T","R","Y","R","Y","Y","G","C","Y","A","T","G","G","G","Y","Y","R","R","C","M","Y","R","T","C","A","C","C","T","T","A","A","C","A","C","C","T","G","R","Y","Y","G","Y","Y","Y","R","R","T","C","T","G","G","T","G","R","A","T","C","C","G","C","T","C","T","T","C","A","G","G","G","T","C","C","A","T","G","T","C","G","M","A","W","A","C","A","A","T","S","S",18.6592307692307
"Ono","G","C","T","T","A","A","C","C","C","C","K","T","T","G","T","G","Y","Y","R","S","Y","A","Y","G","R","G","T","Y","R","A","T","C","T","G","T","C","A","C","C","T","T","A","A","C","A","C","C","T","A","G","T","T","G","C","C","Y","A","A","Y","G","C","G","G","T","R","R","A","T","C","C","G","C","T","Y","T","T","C","A","G","A","K","Y","Y","Y","R","W","R","T","C","A","M","A","A","A","C","A","A","T","C","G",16.925652173913
"JoZ","G","T","T","T","A","A","C","C","C","C","K","T","T","A","C","A","C","C","R","C","C","M","T","R","G","G","T","Y","R","A","C","M","Y","A","Y","Y","R","S","C","T","T","A","A","C","A","C","C","T","G","A","C","C","K","C","C","T","R","R","Y","G","C","K","T","W","A","R","W","Y","M","Y","S","T","G","T","C","C","T","C","A","G","G","T","C","C","A","T","G","T","C","G","M","R","T","R","Y","W","R","Y","C","G",13.9017142857142
"Bd3-80","G","C","T","T","A","A","C","C","C","C","G","T","T","A","C","A","C","C","G","C","Y","A","T","R","G","G","T","T","A","A","C","M","Y","R","Y","Y","R","S","Y","T","T","A","A","C","A","C","C","T","A","G","Y","Y","K","C","C","T","R","R","Y","S","Y","K","K","W","R","G","W","Y","M","Y","S","Y","K","Y","Y","Y","Y","M","R","G","G","T","C","C","A","T","G","T","C","G","C","R","T","A","C","A","A","T","S","S",14.9866666666666
"Earlygold","R","C","Y","Y","R","R","Y","Y","M","Y","G","Y","W","A","C","A","C","C","G","S","C","A","T","R","G","G","T","Y","R","R","C","A","C","G","Y","Y","A","C","C","T","T","A","A","C","A","C","C","T","A","G","T","T","G","Y","Y","Y","A","A","Y","S","Y","G","G","W","R","G","W","Y","M","Y","S","T","G","T","C","C","T","C","A","R","G","T","C","C","A","T","G","T","C","R","C","A","T","R","Y","W","R","Y","S","S",15.9211111111111
"ParisSelectionNo.1","G","Y","T","T","A","A","C","C","C","C","T","T","T","G","T","G","T","Y","R","C","Y","A","T","G","R","G","T","Y","R","A","Y","C","T","G","Y","Y","A","C","C","T","T","A","A","C","A","C","C","T","A","G","T","T","K","C","C","Y","A","A","T","C","T","G","G","T","G","R","W","Y","M","Y","S","Y","K","Y","Y","Y","Y","M","R","R","K","Y","Y","Y","R","W","R","T","C","R","M","A","W","A","C","A","A","T","C","S",18.5307692307692
"ValenciaPride","G","C","T","T","A","A","C","C","C","C","G","T","T","A","C","A","C","C","G","C","Y","M","T","G","G","G","T","T","A","A","C","C","T","A","Y","Y","R","C","C","T","T","A","A","C","A","C","C","T","R","R","Y","Y","K","C","C","T","R","R","Y","G","C","K","T","W","A","G","T","C","A","T","C","T","G","T","C","C","T","C","A","G","G","T","C","C","A","T","G","T","C","G","C","R","T","R","Y","W","R","Y","C","S",15.7275
"Provost","G","Y","T","T","A","A","C","C","C","C","K","T","T","R","Y","R","Y","Y","R","C","T","M","T","R","G","G","T","T","A","A","C","M","Y","R","T","C","R","C","C","T","T","A","A","C","A","C","C","T","G","A","C","C","K","Y","C","T","G","G","C","G","C","T","T","A","A","G","A","T","C","C","G","C","T","Y","T","T","C","A","G","R","G","T","C","C","A","T","G","T","C","G","C","A","W","G","T","T","G","C","C","G",15.3145454545454
"Bd-34-89","G","C","T","T","A","A","C","C","C","C","G","T","T","A","C","A","C","C","G","C","C","A","T","G","G","R","Y","T","A","A","C","M","Y","A","C","T","R","C","C","T","T","A","A","C","A","C","C","T","G","A","C","C","K","C","C","T","R","R","C","G","C","T","T","A","A","G","T","C","A","T","C","T","G","T","C","C","T","C","A","G","G","T","C","C","A","T","G","T","C","G","C","R","T","R","Y","W","R","Y","C","S",13.595909090909
"Pickering","G","Y","Y","Y","R","R","Y","Y","M","Y","K","Y","W","A","C","A","C","C","G","C","C","M","T","R","G","R","Y","T","A","A","C","M","Y","R","Y","Y","A","S","C","Y","Y","R","M","M","M","Y","Y","W","G","A","C","C","G","C","C","T","A","A","T","G","C","G","K","T","A","G","T","C","A","T","C","Y","K","Y","Y","Y","Y","M","R","R","G","T","C","C","A","T","G","T","C","G","C","A","W","R","Y","W","R","Y","C","G",13.4683333333333
"Jehangir","G","Y","T","T","A","A","C","C","C","C","K","T","T","G","T","G","T","T","A","C","Y","A","Y","G","R","G","T","Y","R","G","C","C","T","G","T","C","A","S","C","Y","Y","A","A","C","A","C","C","T","R","G","T","T","G","C","C","Y","A","R","Y","S","Y","G","K","T","A","R","A","T","C","C","G","C","T","T","T","T","C","A","G","A","G","T","C","C","A","T","G","T","C","R","M","A","W","A","C","A","A","T","S","S",19.2641666666666
"Florigon","G","C","T","T","A","A","C","C","C","C","K","T","T","R","Y","R","T","Y","R","S","C","A","T","G","G","G","T","Y","R","A","Y","M","Y","G","Y","Y","A","C","C","T","T","A","A","C","A","C","C","T","R","R","Y","Y","G","Y","Y","Y","A","R","C","G","C","K","K","A","A","G","A","T","C","C","G","C","T","Y","T","T","C","A","G","R","G","T","C","C","A","T","G","T","C","R","C","A","W","R","Y","W","R","Y","S","S",18.7241666666666
"Ewais","G","C","Y","Y","R","R","Y","Y","M","Y","K","Y","W","A","C","A","C","C","G","S","Y","M","T","A","G","R","C","T","A","A","C","A","C","G","C","T","R","S","T","C","C","G","C","A","C","T","T","A","R","G","Y","Y","G","C","C","T","R","G","C","G","C","K","K","A","A","G","A","T","C","C","G","C","T","T","T","T","C","A","G","G","G","T","C","C","A","T","G","C","M","R","C","A","W","G","T","T","G","C","C","G",14.2141666666666
"NA","G","T","T","T","A","A","C","C","C","C","T","T","T","A","C","A","C","C","A","C","T","A","T","G","R","G","T","Y","R","R","Y","C","T","G","T","C","A","S","C","T","Y","A","A","C","A","C","C","T","A","G","T","T","G","C","C","Y","A","A","Y","G","C","G","T","W","A","A","A","T","C","C","G","C","T","Y","T","T","C","A","G","G","G","T","C","C","A","T","G","T","C","R","A","A","A","A","C","A","A","T","G","C",18.0908823529411
"Jewel","G","Y","T","T","A","A","C","C","C","C","K","T","T","A","C","A","C","C","G","C","Y","M","T","R","G","G","T","T","A","A","C","M","Y","G","Y","Y","A","C","C","T","T","A","A","C","A","C","C","T","R","R","Y","Y","G","C","C","T","A","A","T","G","C","G","T","T","A","R","T","C","A","T","C","T","G","T","C","C","T","C","A","G","G","T","Y","Y","R","W","R","T","C","G","C","A","T","R","Y","W","R","Y","C","S",14.25375
"Fairchild","R","C","T","T","A","A","C","C","C","C","T","T","T","A","C","A","C","C","A","C","C","A","T","G","G","G","T","Y","R","A","T","M","Y","G","Y","Y","A","S","C","T","T","A","A","C","A","C","C","T","A","G","Y","Y","G","C","C","T","R","R","C","G","C","K","K","A","A","R","A","T","C","C","G","T","G","T","C","C","T","C","A","R","G","T","C","C","A","T","G","T","C","R","C","A","W","A","C","A","A","T","G","C",16.2275
"Bd19-21","G","T","T","T","A","A","N","C","C","C","K","T","T","N","C","N","C","C","G","C","C","N","T","G","G","G","T","C","G","R","C","C","T","G","Y","Y","N","S","C","T","T","A","A","C","A","C","C","T","N","R","Y","Y","G","Y","Y","Y","A","A","N","S","Y","G","K","T","R","G","T","C","A","T","C","T","G","T","C","C","T","C","A","G","G","T","C","C","A","T","G","T","N","N","M","A","W","A","C","A","A","T","C","S",16.3916666666666
"Fukuda","G","C","T","T","A","A","C","C","C","C","G","T","T","A","C","A","C","C","G","C","Y","A","T","G","G","R","Y","T","A","A","C","A","C","G","Y","Y","R","C","C","T","T","A","A","C","A","C","C","T","A","G","T","T","K","Y","C","T","R","R","Y","G","C","K","T","W","A","G","W","Y","M","Y","S","Y","K","Y","Y","Y","Y","M","R","G","G","T","Y","Y","R","W","R","T","C","G","C","A","W","R","Y","W","R","Y","C","G",14.5752777777777
"RootstockOfBrooksMia-17728","G","C","T","T","A","A","C","C","C","C","K","T","W","R","Y","R","T","Y","R","C","T","A","Y","G","R","G","T","T","A","R","T","C","T","G","T","C","A","C","C","T","T","A","A","C","A","C","C","T","A","G","T","T","G","Y","Y","Y","A","R","T","S","Y","G","K","W","A","R","A","T","C","C","G","Y","K","T","Y","Y","Y","M","R","R","K","Y","C","C","A","T","G","T","C","G","M","A","W","A","C","A","A","T","G","C",19.0788888888888
"Himsagar","G","T","T","T","A","A","C","C","C","C","T","T","T","A","C","A","C","C","A","C","T","A","T","G","R","G","T","Y","R","R","Y","C","T","G","T","C","A","S","C","T","Y","A","A","C","A","C","C","T","A","G","T","T","G","C","C","Y","A","A","Y","G","C","G","T","W","A","A","A","T","C","C","G","C","T","Y","T","T","C","A","G","G","G","T","C","C","A","T","G","T","C","R","A","A","A","A","C","A","A","T","G","C",19.3841666666666
"Haden","G","Y","T","T","A","A","C","C","C","C","K","T","T","R","Y","R","T","Y","R","C","Y","A","T","R","G","G","T","Y","R","R","C","M","Y","R","C","T","A","C","C","T","T","A","A","C","A","C","C","T","R","R","Y","Y","K","Y","Y","Y","R","R","Y","S","Y","K","K","W","R","G","W","Y","M","Y","S","Y","K","Y","Y","Y","Y","M","R","G","G","T","C","C","A","T","G","T","C","G","C","R","W","A","C","A","A","T","C","S",15.26
"Unknown","G","T","T","T","A","A","C","C","C","C","K","T","W","R","Y","R","Y","Y","A","C","Y","A","T","G","G","G","T","T","A","A","C","M","Y","G","Y","Y","A","C","C","T","T","A","A","C","A","C","C","T","A","G","T","T","G","C","C","Y","A","R","T","G","C","G","K","W","R","R","A","T","C","C","G","C","T","Y","T","T","C","A","G","G","G","T","Y","Y","R","W","R","T","C","G","C","A","A","A","C","A","A","T","S","S",15.7747222222222
"Cushman","G","C","T","T","A","A","C","C","C","C","K","Y","W","R","Y","R","Y","Y","R","C","T","A","T","N","G","G","T","T","A","A","C","A","C","G","Y","Y","R","C","C","T","T","A","A","C","A","C","C","T","G","A","C","C","G","Y","Y","Y","A","A","Y","S","Y","K","K","W","R","G","A","T","C","C","G","C","T","Y","T","T","C","A","G","G","G","T","C","C","A","T","G","T","C","G","C","A","A","R","Y","W","R","Y","N","S",17.9566666666666
"Step","G","C","T","T","A","A","C","C","C","C","G","T","T","A","C","A","C","C","G","C","T","M","T","R","G","G","Y","T","A","R","Y","C","T","R","T","C","A","C","C","T","T","A","A","C","A","C","C","T","R","R","Y","Y","G","C","C","T","A","A","Y","G","C","K","T","W","A","G","W","Y","M","Y","S","Y","K","T","Y","Y","Y","M","R","G","G","T","Y","Y","R","W","R","T","C","G","C","A","T","R","Y","W","R","Y","C","G",14.9249999999999
"PERELOUIS","G","T","T","T","A","A","C","C","C","C","T","T","T","G","T","G","T","T","R","C","Y","A","C","G","G","G","T","Y","R","A","Y","C","T","R","T","C","A","C","C","T","T","A","A","C","A","C","C","T","A","G","T","T","G","T","Y","Y","A","A","T","S","Y","G","G","T","R","G","A","T","C","C","G","C","T","C","T","T","C","A","G","A","K","Y","Y","Y","R","W","R","T","C","R","C","A","W","R","Y","W","R","Y","C","G",19.5508333333333
"Heidi","G","Y","T","N","A","A","C","C","C","C","K","T","T","R","Y","R","Y","N","R","C","T","N","Y","G","G","G","T","Y","R","R","Y","N","Y","G","Y","Y","A","C","N","Y","Y","R","M","M","M","N","Y","W","N","R","C","C","G","T","Y","N","A","A","Y","S","Y","K","K","W","A","R","N","Y","M","Y","S","Y","K","T","Y","Y","Y","M","R","G","K","Y","C","C","A","T","G","N","C","G","M","N","N","A","C","A","A","T","S","C",20.2623684210526
"Vanraj","G","C","Y","Y","R","R","Y","Y","M","N","K","Y","W","A","C","A","C","C","G","C","Y","A","Y","G","G","G","T","T","A","A","C","M","Y","R","Y","Y","A","C","C","T","Y","A","M","C","A","Y","C","T","A","G","Y","Y","G","Y","C","Y","A","A","Y","S","Y","K","K","W","A","G","W","Y","M","Y","S","Y","K","Y","Y","Y","Y","M","R","R","K","Y","Y","Y","R","N","R","T","C","G","C","A","N","R","Y","W","R","Y","S","S",19.0047058823529
"Piva","G","Y","T","T","A","A","C","C","C","C","G","T","T","G","T","G","C","C","G","C","Y","A","C","G","A","G","T","Y","R","R","C","M","Y","G","T","C","A","C","C","T","T","A","A","C","A","C","C","T","A","G","T","T","G","T","C","Y","A","A","T","S","Y","G","G","T","R","R","A","T","C","C","G","C","T","C","T","T","C","A","G","A","K","Y","T","T","G","A","A","T","C","G","M","A","W","R","Y","W","R","Y","C","S",18.7680769230769
"Zilate","G","Y","T","T","A","A","C","C","C","C","K","T","T","A","C","A","C","C","G","C","C","A","T","R","G","R","Y","Y","R","A","C","C","T","A","Y","Y","G","S","C","T","T","A","A","C","A","C","C","T","G","A","C","C","K","C","C","T","R","R","Y","G","C","K","T","A","A","G","T","C","A","T","C","T","G","T","C","C","T","C","A","G","G","T","C","C","A","T","G","T","C","G","M","G","T","A","C","A","A","T","C","G",14.9741666666666
"Gaylour","G","C","T","T","A","A","C","C","C","C","K","T","T","A","C","A","C","C","R","C","T","M","Y","G","G","R","C","T","A","A","Y","M","Y","G","T","C","G","S","C","Y","C","R","C","M","M","T","Y","W","G","R","C","C","G","C","C","T","R","R","Y","S","N","K","K","W","A","R","A","T","C","C","G","Y","K","T","Y","Y","Y","M","R","R","G","T","C","C","A","T","G","Y","M","G","C","A","W","R","Y","W","R","Y","S","S",16.1583333333333
"Brooks","G","Y","T","T","A","A","C","C","C","C","K","T","T","A","C","A","C","C","R","C","Y","M","T","G","G","G","T","Y","R","A","C","C","T","R","T","C","R","S","C","T","T","A","A","C","A","C","C","T","G","R","Y","Y","G","C","C","T","A","A","Y","G","C","K","T","W","A","R","A","T","C","C","G","T","G","T","C","C","T","C","A","G","G","T","C","C","A","T","G","T","C","G","M","A","T","R","Y","W","R","Y","S","S",18.548125
"Sabre","G","C","T","T","A","A","C","C","C","C","G","T","T","R","Y","R","C","C","R","C","C","A","Y","G","R","G","T","Y","R","R","Y","C","T","R","T","C","A","C","C","T","Y","A","M","C","A","Y","C","T","A","G","Y","Y","G","T","C","Y","A","A","Y","S","Y","G","G","T","R","R","A","T","C","C","G","C","T","C","T","T","C","A","G","A","K","Y","Y","Y","R","W","R","T","C","G","M","A","W","R","Y","W","R","Y","C","S",17.5072222222222
"Wa2-05-07","G","Y","T","T","A","A","C","C","C","C","G","T","T","A","C","A","C","C","G","C","T","A","T","A","G","G","T","Y","R","R","C","C","T","G","Y","Y","R","C","C","T","T","A","A","C","A","C","C","T","G","R","Y","Y","G","C","C","T","A","A","C","G","C","T","T","A","A","G","A","T","C","C","G","Y","K","Y","Y","Y","Y","M","R","G","G","T","C","C","A","T","G","T","C","G","M","A","T","R","Y","W","R","Y","S","S",15.795
"HW14","R","C","Y","T","A","A","C","C","C","C","K","T","W","A","C","A","C","C","G","S","C","A","T","G","G","G","T","T","A","R","C","M","Y","R","Y","Y","A","S","Y","Y","Y","A","M","M","M","Y","Y","T","R","R","T","T","G","C","C","T","R","G","C","G","C","K","K","W","R","G","W","Y","M","Y","S","Y","K","Y","Y","Y","Y","M","R","A","K","Y","C","C","A","T","G","Y","M","G","C","A","W","R","Y","W","R","Y","C","G",16.7025
"Mamou","R","C","C","C","G","G","T","T","A","T","G","C","A","A","C","A","C","C","R","S","C","M","T","R","A","R","C","C","G","A","C","M","Y","A","T","C","A","S","T","C","C","G","C","A","C","T","T","A","R","R","Y","Y","G","C","C","T","R","R","C","G","C","K","T","W","A","G","W","Y","M","Y","S","T","G","T","C","C","T","C","A","G","G","T","C","C","A","T","G","C","A","G","C","A","W","R","Y","W","R","Y","C","S",14.6091666666666
"kent","G","Y","T","T","A","A","C","C","C","C","K","T","T","A","C","A","C","C","R","C","Y","A","T","R","G","G","T","C","G","R","C","C","T","G","Y","Y","A","C","C","T","T","A","A","C","A","C","C","T","R","G","T","T","G","Y","Y","Y","A","A","Y","S","Y","K","K","W","R","R","A","T","C","C","G","Y","K","Y","Y","Y","Y","M","R","G","G","T","C","C","A","T","G","T","C","G","M","A","W","A","C","A","A","T","S","S",18.6616129032258
"Golek","G","C","Y","T","A","A","C","C","C","C","T","T","T","R","Y","R","Y","Y","G","C","Y","M","Y","G","R","G","T","C","G","A","T","M","Y","R","T","C","A","C","C","T","Y","A","A","C","A","C","C","T","R","R","T","T","G","Y","C","Y","A","A","C","G","C","G","G","W","R","G","A","T","C","C","G","Y","K","Y","Y","Y","Y","M","R","G","G","T","Y","Y","R","W","R","T","C","R","M","A","A","A","C","A","A","T","C","S",17.8758333333333
"PoPijuKalay","R","Y","Y","Y","A","A","C","C","C","C","T","T","T","A","C","A","C","C","R","S","Y","M","T","G","R","G","T","T","A","A","C","M","Y","G","T","C","A","G","Y","T","T","A","A","C","A","C","C","T","A","G","Y","Y","G","Y","C","Y","R","R","C","G","C","G","K","T","R","G","W","Y","M","Y","S","T","G","T","C","C","T","C","A","G","G","T","C","C","A","T","G","Y","M","R","C","A","A","G","T","T","G","C","C","G",16.0233333333333
"Becky","G","T","T","T","A","A","C","C","C","C","K","T","T","R","Y","R","Y","Y","R","C","Y","M","T","R","G","G","T","Y","R","A","C","C","T","G","Y","Y","R","S","C","T","T","A","A","C","A","C","C","T","R","G","T","T","G","Y","Y","Y","A","A","T","S","Y","G","K","T","R","G","A","T","C","C","G","Y","K","Y","Y","Y","Y","M","R","G","G","T","C","C","A","T","G","T","C","G","M","R","T","R","Y","W","R","Y","S","C",17.6483333333333
"No.5-4(Palmersdlgo.p.-Zerifinsel.)","G","Y","T","T","A","A","C","C","C","C","K","T","T","R","Y","R","Y","Y","A","C","T","A","T","R","G","G","T","Y","R","R","C","M","Y","G","Y","Y","A","C","C","Y","Y","R","M","M","M","Y","Y","W","A","G","Y","Y","G","Y","Y","Y","A","A","Y","S","Y","G","G","T","G","R","A","T","C","C","G","C","T","C","T","T","C","A","G","R","G","T","C","C","A","T","G","T","M","R","M","A","A","A","C","A","A","T","S","S",19.8991666666666
"ImamPasand","G","T","T","T","A","A","C","C","C","C","K","T","W","R","Y","R","Y","Y","R","C","Y","A","Y","G","R","G","T","C","G","A","Y","C","T","G","Y","Y","A","S","C","T","Y","A","M","C","A","T","Y","T","G","A","Y","Y","G","C","C","T","A","G","C","G","C","K","T","W","A","R","A","T","C","C","G","Y","K","T","Y","Y","Y","M","R","G","G","T","C","C","A","T","G","T","C","G","M","A","A","A","C","A","A","T","S","C",16.9883333333333
"Springfels","G","Y","T","T","A","A","C","C","C","C","K","T","T","A","C","A","C","C","G","C","Y","A","T","R","G","G","T","T","A","A","C","A","C","G","Y","Y","R","C","C","T","T","A","A","C","A","C","C","T","A","G","T","T","G","Y","Y","Y","A","A","T","C","T","G","G","T","R","G","W","Y","M","Y","S","Y","K","T","Y","Y","Y","M","R","R","G","T","C","C","A","T","G","T","C","G","C","A","W","A","C","A","A","T","S","S",18.1832258064516
"Diab","G","T","T","T","A","A","C","C","C","C","K","T","W","R","Y","R","Y","Y","R","C","Y","A","Y","G","R","G","T","C","G","A","Y","C","T","G","Y","Y","A","S","C","T","Y","A","M","C","A","T","Y","T","G","A","Y","Y","G","C","C","T","A","G","C","G","C","K","T","W","A","R","A","T","C","C","G","Y","K","T","Y","Y","Y","M","R","G","G","T","C","C","A","T","G","T","C","G","M","A","A","A","C","A","A","T","S","C",17.5633333333333
"PanchadaraKalasa","G","Y","Y","T","A","A","C","C","C","C","K","T","W","R","C","R","Y","Y","A","C","T","A","Y","G","G","G","T","Y","R","R","C","M","Y","N","T","C","R","C","N","T","T","A","A","C","A","C","C","T","A","G","N","N","G","C","C","T","A","R","N","G","C","N","T","W","N","G","A","T","N","C","G","Y","K","T","N","Y","Y","M","R","R","K","Y","C","C","A","T","G","T","C","G","C","A","W","R","Y","W","R","Y","S","N",18.0508333333333
"HongSa","R","Y","C","Y","G","G","T","T","A","T","G","C","A","A","C","A","C","C","G","G","C","A","T","G","G","G","T","Y","R","A","C","A","C","R","T","C","A","S","T","Y","Y","R","M","M","M","Y","Y","W","R","R","T","T","G","C","C","T","R","G","C","G","C","T","T","A","A","G","A","T","C","C","G","T","G","T","C","C","T","C","A","G","G","T","C","C","A","T","G","Y","A","G","C","A","W","G","T","T","G","C","C","S",14.8139999999999
"GoldenLippens","G","C","T","T","A","A","C","C","C","C","T","T","T","R","Y","R","Y","Y","R","C","Y","M","T","R","G","G","T","T","A","R","C","M","Y","G","Y","Y","A","S","C","T","T","A","A","C","A","C","C","T","R","R","Y","Y","K","Y","Y","Y","R","R","Y","S","Y","K","K","W","R","R","W","Y","M","Y","S","Y","K","Y","Y","Y","Y","M","R","G","G","T","Y","Y","R","W","R","T","C","R","C","A","T","A","C","A","A","T","S","S",18.4241176470588
"Siamese","G","Y","T","T","A","A","C","C","C","C","T","T","T","R","Y","R","T","Y","N","N","C","M","Y","G","G","G","T","Y","R","A","Y","M","Y","G","Y","N","A","S","C","T","T","A","A","C","A","Y","Y","T","R","R","T","T","G","Y","N","Y","A","R","Y","N","C","G","K","T","R","G","A","T","C","C","G","Y","K","N","Y","Y","Y","M","R","G","N","N","N","C","A","T","R","T","C","R","M","A","W","A","C","A","A","T","S","S",16.4916666666666
"Aroemanis","G","C","T","T","A","A","C","C","C","C","K","T","W","R","Y","R","Y","Y","R","C","T","A","Y","G","R","G","T","T","A","R","Y","C","T","G","T","C","A","C","C","T","Y","A","A","C","A","C","C","T","A","G","T","T","G","Y","Y","Y","A","R","T","S","Y","G","K","W","A","R","A","T","C","C","G","Y","K","T","Y","Y","Y","M","R","R","K","Y","C","C","A","T","G","T","C","G","M","A","W","A","C","A","A","T","G","C",17.8741666666666
"Ameeri","G","Y","T","T","A","A","C","C","C","C","K","Y","A","A","C","A","C","C","G","C","Y","M","T","G","G","G","T","Y","R","A","C","A","C","G","Y","Y","A","S","C","Y","C","R","C","M","M","T","Y","N","R","R","Y","Y","G","C","C","T","G","G","C","G","C","K","T","W","A","R","A","T","C","C","G","Y","K","T","Y","Y","Y","M","R","G","G","T","C","C","A","T","G","T","C","R","C","A","W","R","Y","W","R","Y","S","C",15.88875
"CatSaigon","R","C","Y","Y","R","R","Y","Y","M","Y","G","Y","W","A","C","A","C","C","R","S","Y","A","T","R","R","R","Y","Y","R","R","C","M","Y","G","Y","Y","A","S","Y","Y","Y","R","M","M","M","Y","Y","W","G","R","Y","Y","G","C","C","T","A","R","C","G","C","T","T","A","A","G","A","T","C","C","G","T","G","T","C","C","T","C","A","G","G","T","C","C","A","T","G","Y","M","G","M","A","T","R","Y","W","R","Y","C","S",16.1025
